1, 1-connected, nl, true, 10033, 1
1, 1-connected, gt, true, 10019, 2
1, 1-connected, mx, true, 9330, 3
1, 1-connected, cn, true, 10030, 4
1, 1-connected, cm, true, 10008, 5
1, 1-connected, nl, true, 10012, 6
1, 1-connected, gt, true, 10020, 7
1, 1-connected, mx, true, 10012, 8
1, 1-connected, cn, true, 10043, 9
1, 1-connected, cm, true, 10019, 10
1, 1-connected, nl, true, 10024, 11
1, 1-connected, gt, true, 10013, 12
1, 1-connected, mx, true, 10039, 13
1, 1-connected, cn, false, 10029, 14
1, 1-connected, cm, true, 10012, 15
1, 1-connected, nl, true, 10020, 16
1, 1-connected, gt, true, 10034, 17
1, 1-connected, mx, true, 10011, 18
1, 1-connected, cn, true, 10016, 19
1, 1-connected, cm, false, 10019, 20
1, 1-connected, nl, true, 10010, 21
1, 1-connected, gt, true, 10048, 22
1, 1-connected, mx, false, 10030, 23
1, 1-connected, cn, false, 10011, 24
1, 1-connected, cm, true, 10047, 25
1, 1-connected, nl, false, 10027, 26
1, 1-connected, gt, true, 10010, 27
1, 1-connected, mx, false, 10011, 28
1, 1-connected, cn, true, 10036, 29
1, 1-connected, cm, true, 10009, 30
1, 1-connected, nl, true, 10021, 31
1, 1-connected, gt, false, 10035, 32
1, 1-connected, mx, true, 10017, 33
1, 1-connected, cn, true, 10014, 34
1, 1-connected, cm, true, 10037, 35
1, 1-connected, nl, false, 10028, 36
1, 1-connected, gt, false, 10021, 37
1, 1-connected, mx, true, 10021, 38
1, 1-connected, cn, true, 10030, 39
1, 1-connected, cm, true, 10015, 40
1, 2-connected, gt, true, 10017, 41
1, 2-connected, mx, true, 10029, 42
1, 2-connected, cn, true, 6132, 43
1, 2-connected, cm, true, 10018, 44
1, 2-connected, nl, true, 10021, 45
1, 2-connected, gt, true, 10011, 46
1, 2-connected, mx, true, 10037, 47
1, 2-connected, cn, true, 10011, 48
1, 2-connected, cm, false, 10011, 49
1, 2-connected, nl, false, 10015, 50
1, 2-connected, gt, true, 10026, 51
1, 2-connected, mx, true, 10015, 52
1, 2-connected, cn, true, 10016, 53
1, 2-connected, cm, true, 10011, 54
1, 2-connected, nl, true, 10010, 55
1, 2-connected, gt, true, 10021, 56
1, 2-connected, mx, true, 10033, 57
1, 2-connected, cn, true, 10019, 58
1, 2-connected, cm, true, 10031, 59
1, 2-connected, nl, true, 10026, 60
1, 2-connected, gt, true, 10020, 61
1, 2-connected, mx, false, 10054, 62
1, 2-connected, cn, true, 10021, 63
1, 2-connected, cm, true, 10013, 64
1, 2-connected, nl, true, 10020, 65
1, 2-connected, gt, true, 10015, 66
1, 2-connected, mx, true, 10016, 67
1, 2-connected, cn, true, 10014, 68
1, 2-connected, cm, true, 10022, 69
1, 2-connected, nl, true, 10021, 70
1, 2-connected, gt, true, 10020, 71
1, 2-connected, mx, false, 10018, 72
1, 2-connected, cn, false, 10042, 73
1, 2-connected, cm, true, 10022, 74
1, 2-connected, nl, true, 8324, 75
1, 2-connected, gt, false, 10048, 76
1, 2-connected, mx, false, 10010, 77
1, 2-connected, cn, true, 5340, 78
1, 2-connected, cm, false, 10008, 79
1, 2-connected, nl, true, 10025, 80
1, match, gt, false, 30129, 131
1, match, mx, true, 30112, 132
1, match, cm, true, 30109, 133
1, match, gt, true, 30106, 134
1, match, mx, true, 30110, 135
1, match, cm, true, 30122, 136
1, match, gt, false, 30110, 137
1, match, mx, true, 30130, 138
1, match, cm, false, 30113, 139
1, match, gt, true, 30133, 140
1, match, mx, false, 30139, 141
1, match, cm, false, 30127, 142
1, match, gt, false, 30124, 143
1, match, mx, true, 30125, 144
1, match, cm, true, 30256, 145
1, match, gt, true, 30119, 146
1, match, mx, true, 30129, 147
1, match, cm, true, 30117, 148
1, match, gt, false, 30113, 149
1, match, mx, true, 30120, 150
1, match, cm, true, 25984, 151
1, match, gt, true, 6645, 152
1, match, mx, false, 30125, 153
1, match, cm, true, 7159, 154
1, match, gt, true, 30134, 155
1, match, mx, false, 30135, 156
1, match, cm, true, 30113, 157
1, match, gt, true, 30150, 158
1, match, mx, false, 30119, 159
1, match, cm, false, 30119, 160
1, dense, nl, true, 10050, 81
1, dense, gt, true, 10070, 82
1, dense, mx, true, 10040, 83
1, dense, cn, true, 10028, 84
1, dense, cm, true, 10018, 85
1, dense, nl, true, 10037, 86
1, dense, gt, true, 10029, 87
1, dense, mx, false, 10059, 88
1, dense, cn, true, 10023, 89
1, dense, cm, true, 10048, 90
1, dense, nl, true, 10032, 91
1, dense, gt, true, 10049, 92
1, dense, mx, false, 10029, 93
1, dense, cn, true, 10065, 94
1, dense, cm, true, 10018, 95
1, dense, nl, true, 10028, 96
1, dense, gt, true, 10055, 97
1, dense, mx, true, 10028, 98
1, dense, cn, true, 10022, 99
1, dense, cm, true, 10053, 100
1, dense, nl, true, 10049, 101
1, dense, gt, true, 10057, 102
1, dense, mx, true, 10029, 103
1, dense, cn, true, 10027, 104
1, dense, cm, true, 10053, 105
1, dense, nl, true, 10041, 106
1, dense, gt, true, 10037, 107
1, dense, mx, true, 10064, 108
1, dense, cn, true, 10034, 109
1, dense, cm, true, 10041, 110
1, dense, nl, true, 10030, 111
1, dense, gt, true, 10045, 112
1, dense, mx, true, 10025, 113
1, dense, cn, true, 10029, 114
1, dense, cm, true, 10063, 115
1, dense, nl, true, 10053, 116
1, dense, gt, true, 10027, 117
1, dense, mx, true, 10029, 118
1, dense, cn, true, 10025, 119
1, dense, cm, true, 10043, 120
1, dense, nl, true, 10032, 121
1, dense, gt, true, 10037, 122
1, dense, mx, true, 10027, 123
1, dense, cn, true, 10033, 124
1, dense, cm, true, 10026, 125
1, dense, nl, true, 10029, 126
1, dense, gt, true, 10034, 127
1, dense, mx, false, 10032, 128
1, dense, cn, true, 10012, 129
1, dense, cm, true, 10040, 130
2, 1-connected, gt, true, 10012, 1
2, 1-connected, mx, false, 4312, 2
2, 1-connected, cn, true, 7667, 3
2, 1-connected, cm, false, 8327, 4
2, 1-connected, nl, false, 7410, 5
2, 1-connected, gt, true, 8090, 6
2, 1-connected, mx, false, 10027, 7
2, 1-connected, cn, true, 7681, 8
2, 1-connected, cm, false, 5915, 9
2, 1-connected, nl, true, 8498, 10
2, 1-connected, gt, true, 3938, 11
2, 1-connected, mx, false, 10013, 12
2, 1-connected, cn, true, 10020, 13
2, 1-connected, cm, false, 10015, 14
2, 1-connected, nl, true, 5947, 15
2, 1-connected, gt, true, 3463, 16
2, 1-connected, mx, false, 10028, 17
2, 1-connected, cn, false, 7386, 18
2, 1-connected, cm, false, 10023, 19
2, 1-connected, nl, true, 7424, 20
2, 1-connected, gt, true, 4962, 21
2, 1-connected, mx, false, 10017, 22
2, 1-connected, cn, true, 5379, 23
2, 1-connected, cm, false, 10013, 24
2, 1-connected, nl, false, 4641, 25
2, 1-connected, gt, true, 8150, 26
2, 1-connected, mx, false, 10015, 27
2, 1-connected, cn, false, 10014, 28
2, 1-connected, cm, false, 10033, 29
2, 1-connected, nl, true, 4796, 30
2, 1-connected, gt, true, 1866, 31
2, 1-connected, mx, true, 10009, 32
2, 1-connected, cn, false, 10013, 33
2, 1-connected, cm, false, 5644, 34
2, 1-connected, nl, false, 6999, 35
2, 1-connected, gt, true, 7111, 36
2, 1-connected, mx, false, 10019, 37
2, 1-connected, cn, false, 6573, 38
2, 1-connected, cm, false, 10031, 39
2, 1-connected, nl, false, 10015, 40
2, 2-connected, mx, false, 10025, 41
2, 2-connected, cn, false, 7423, 42
2, 2-connected, cm, false, 10014, 43
2, 2-connected, nl, true, 3110, 44
2, 2-connected, gt, true, 7000, 45
2, 2-connected, mx, false, 10030, 46
2, 2-connected, cn, true, 2800, 47
2, 2-connected, cm, true, 6845, 48
2, 2-connected, nl, true, 3172, 49
2, 2-connected, gt, true, 5184, 50
2, 2-connected, mx, false, 10014, 51
2, 2-connected, cn, false, 3549, 52
2, 2-connected, cm, true, 4862, 53
2, 2-connected, nl, false, 2383, 54
2, 2-connected, gt, true, 1258, 55
2, 2-connected, mx, true, 10019, 56
2, 2-connected, cn, false, 2808, 57
2, 2-connected, cm, true, 9405, 58
2, 2-connected, nl, false, 2780, 59
2, 2-connected, gt, false, 8120, 60
2, 2-connected, mx, false, 10020, 61
2, 2-connected, cn, true, 4042, 62
2, 2-connected, cm, false, 7453, 63
2, 2-connected, nl, true, 2114, 64
2, 2-connected, gt, false, 5027, 65
2, 2-connected, mx, false, 10029, 66
2, 2-connected, cn, true, 2669, 67
2, 2-connected, cm, true, 4040, 68
2, 2-connected, nl, false, 1677, 69
2, 2-connected, gt, true, 1172, 70
2, 2-connected, mx, true, 6425, 71
2, 2-connected, cn, true, 3052, 72
2, 2-connected, cm, true, 5468, 73
2, 2-connected, nl, false, 1312, 74
2, 2-connected, gt, true, 5212, 75
2, 2-connected, mx, true, 10018, 76
2, 2-connected, cn, false, 1370, 77
2, 2-connected, cm, false, 5400, 78
2, 2-connected, nl, true, 1354, 79
2, 2-connected, gt, true, 3515, 80
2, match, mx, true, 11592, 131
2, match, cm, true, 22002, 132
2, match, gt, true, 7320, 133
2, match, mx, true, 9964, 134
2, match, cm, false, 14008, 135
2, match, gt, true, 9396, 136
2, match, mx, false, 6617, 137
2, match, cm, true, 7078, 138
2, match, gt, true, 7530, 139
2, match, mx, true, 13690, 140
2, match, cm, false, 20944, 141
2, match, gt, false, 9284, 142
2, match, mx, false, 21567, 143
2, match, cm, true, 9522, 144
2, match, gt, true, 9146, 145
2, match, mx, false, 6093, 146
2, match, cm, true, 5414, 147
2, match, gt, true, 15807, 148
2, match, mx, false, 6778, 149
2, match, cm, false, 4162, 150
2, match, gt, true, 5689, 151
2, match, mx, false, 30113, 152
2, match, cm, false, 6751, 153
2, match, gt, true, 5166, 154
2, match, mx, false, 11930, 155
2, match, cm, true, 3813, 156
2, match, gt, true, 8567, 157
2, match, mx, false, 17862, 158
2, match, cm, true, 4454, 159
2, match, gt, true, 6149, 160
2, dense, gt, true, 4593, 81
2, dense, mx, true, 4730, 82
2, dense, cn, true, 2186, 83
2, dense, cm, true, 3932, 84
2, dense, nl, true, 4059, 85
2, dense, gt, true, 2187, 86
2, dense, mx, true, 4532, 87
2, dense, cn, true, 2568, 88
2, dense, cm, true, 1498, 89
2, dense, nl, true, 2090, 90
2, dense, gt, true, 1453, 91
2, dense, mx, true, 1502, 92
2, dense, cn, true, 1170, 93
2, dense, cm, true, 1359, 94
2, dense, nl, true, 1708, 95
2, dense, gt, true, 3181, 96
2, dense, mx, true, 1591, 97
2, dense, cn, true, 2320, 98
2, dense, cm, true, 1391, 99
2, dense, nl, true, 2156, 100
2, dense, gt, true, 1482, 101
2, dense, mx, true, 4616, 102
2, dense, cn, true, 1508, 103
2, dense, cm, true, 2160, 104
2, dense, nl, true, 3511, 105
2, dense, gt, true, 1147, 106
2, dense, mx, true, 3906, 107
2, dense, cn, true, 2297, 108
2, dense, cm, true, 1523, 109
2, dense, nl, true, 3351, 110
2, dense, gt, true, 2297, 111
2, dense, mx, true, 3747, 112
2, dense, cn, true, 1587, 113
2, dense, cm, true, 5457, 114
2, dense, nl, true, 3671, 115
2, dense, gt, true, 1329, 116
2, dense, mx, true, 2069, 117
2, dense, cn, true, 3411, 118
2, dense, cm, true, 1209, 119
2, dense, nl, true, 1591, 120
2, dense, gt, false, 2031, 121
2, dense, mx, true, 6284, 122
2, dense, cn, true, 2349, 123
2, dense, cm, true, 1290, 124
2, dense, nl, true, 1227, 125
2, dense, gt, true, 2255, 126
2, dense, mx, true, 4498, 127
2, dense, cn, true, 1120, 128
2, dense, cm, true, 1311, 129
2, dense, nl, true, 1365, 130
3, 1-connected, mx, true, 7620, 1
3, 1-connected, cn, true, 1582, 2
3, 1-connected, cm, true, 6442, 3
3, 1-connected, nl, true, 2668, 4
3, 1-connected, gt, true, 3978, 5
3, 1-connected, mx, true, 6651, 6
3, 1-connected, cn, true, 1481, 7
3, 1-connected, cm, false, 6390, 8
3, 1-connected, nl, true, 2349, 9
3, 1-connected, gt, true, 1289, 10
3, 1-connected, mx, true, 6606, 11
3, 1-connected, cn, false, 1661, 12
3, 1-connected, cm, false, 7249, 13
3, 1-connected, nl, true, 1320, 14
3, 1-connected, gt, true, 988, 15
3, 1-connected, mx, false, 4274, 16
3, 1-connected, cn, true, 1888, 17
3, 1-connected, cm, false, 8005, 18
3, 1-connected, nl, true, 1534, 19
3, 1-connected, gt, true, 2323, 20
3, 1-connected, mx, false, 10027, 21
3, 1-connected, cn, true, 3888, 22
3, 1-connected, cm, true, 4147, 23
3, 1-connected, nl, true, 1362, 24
3, 1-connected, gt, false, 2207, 25
3, 1-connected, mx, false, 7803, 26
3, 1-connected, cn, true, 2181, 27
3, 1-connected, cm, true, 3587, 28
3, 1-connected, nl, false, 1302, 29
3, 1-connected, gt, true, 1044, 30
3, 1-connected, mx, true, 2204, 31
3, 1-connected, cn, false, 6414, 32
3, 1-connected, cm, true, 7335, 33
3, 1-connected, nl, true, 1144, 34
3, 1-connected, gt, true, 1367, 35
3, 1-connected, mx, true, 2611, 36
3, 1-connected, cn, true, 995, 37
3, 1-connected, cm, true, 5523, 38
3, 1-connected, nl, true, 1154, 39
3, 1-connected, gt, true, 2084, 40
3, 2-connected, cn, true, 5110, 41
3, 2-connected, cm, true, 6684, 42
3, 2-connected, nl, true, 7915, 43
3, 2-connected, gt, true, 4329, 44
3, 2-connected, mx, false, 10013, 45
3, 2-connected, cn, true, 4715, 46
3, 2-connected, cm, true, 4214, 47
3, 2-connected, nl, true, 2969, 48
3, 2-connected, gt, true, 4371, 49
3, 2-connected, mx, false, 9116, 50
3, 2-connected, cn, true, 2337, 51
3, 2-connected, cm, true, 7225, 52
3, 2-connected, nl, true, 7097, 53
3, 2-connected, gt, true, 1800, 54
3, 2-connected, mx, false, 10024, 55
3, 2-connected, cn, false, 10025, 56
3, 2-connected, cm, true, 6466, 57
3, 2-connected, nl, true, 7289, 58
3, 2-connected, gt, false, 4835, 59
3, 2-connected, mx, false, 2234, 60
3, 2-connected, cn, true, 5884, 61
3, 2-connected, cm, true, 6575, 62
3, 2-connected, nl, true, 6748, 63
3, 2-connected, gt, true, 2020, 64
3, 2-connected, mx, false, 5475, 65
3, 2-connected, cn, true, 3184, 66
3, 2-connected, cm, false, 10015, 67
3, 2-connected, nl, true, 3355, 68
3, 2-connected, gt, false, 2356, 69
3, 2-connected, mx, false, 7515, 70
3, 2-connected, cn, true, 4518, 71
3, 2-connected, cm, false, 5361, 72
3, 2-connected, nl, false, 10051, 73
3, 2-connected, gt, false, 3281, 74
3, 2-connected, mx, true, 7303, 75
3, 2-connected, cn, true, 1684, 76
3, 2-connected, cm, false, 7450, 77
3, 2-connected, nl, true, 8423, 78
3, 2-connected, gt, false, 3274, 79
3, 2-connected, mx, false, 4662, 80
3, match, cm, true, 8581, 131
3, match, gt, true, 5143, 132
3, match, mx, true, 10275, 133
3, match, cm, false, 4633, 134
3, match, gt, true, 7508, 135
3, match, mx, true, 7443, 136
3, match, cm, false, 3318, 137
3, match, gt, false, 20917, 138
3, match, mx, false, 4510, 139
3, match, cm, true, 2824, 140
3, match, gt, false, 10358, 141
3, match, mx, false, 14219, 142
3, match, cm, false, 12118, 143
3, match, gt, false, 3186, 144
3, match, mx, true, 3283, 145
3, match, cm, false, 15850, 146
3, match, gt, true, 3518, 147
3, match, mx, false, 9963, 148
3, match, cm, true, 10958, 149
3, match, gt, true, 14059, 150
3, match, mx, false, 8281, 151
3, match, cm, false, 16736, 152
3, match, gt, true, 5964, 153
3, match, mx, true, 6091, 154
3, match, cm, true, 8407, 155
3, match, gt, true, 6340, 156
3, match, mx, false, 7856, 157
3, match, cm, true, 12338, 158
3, match, gt, false, 5455, 159
3, match, mx, true, 7446, 160
3, dense, mx, true, 4797, 81
3, dense, cn, true, 2395, 82
3, dense, cm, true, 1446, 83
3, dense, nl, true, 1980, 84
3, dense, gt, true, 2073, 85
3, dense, mx, true, 2176, 86
3, dense, cn, true, 1375, 87
3, dense, cm, true, 2334, 88
3, dense, nl, true, 1336, 89
3, dense, gt, true, 2032, 90
3, dense, mx, true, 2629, 91
3, dense, cn, true, 2813, 92
3, dense, cm, true, 1623, 93
3, dense, nl, true, 2235, 94
3, dense, gt, false, 3811, 95
3, dense, mx, true, 1432, 96
3, dense, cn, true, 3089, 97
3, dense, cm, false, 8695, 98
3, dense, nl, true, 1282, 99
3, dense, gt, true, 1244, 100
3, dense, mx, true, 2905, 101
3, dense, cn, true, 1738, 102
3, dense, cm, false, 2394, 103
3, dense, nl, true, 2118, 104
3, dense, gt, true, 3432, 105
3, dense, mx, false, 4072, 106
3, dense, cn, true, 1316, 107
3, dense, cm, true, 3746, 108
3, dense, nl, true, 1729, 109
3, dense, gt, false, 1240, 110
3, dense, mx, false, 5625, 111
3, dense, cn, true, 3022, 112
3, dense, cm, false, 4542, 113
3, dense, nl, true, 1288, 114
3, dense, gt, true, 2001, 115
3, dense, mx, false, 8507, 116
3, dense, cn, true, 3692, 117
3, dense, cm, true, 4242, 118
3, dense, nl, true, 1317, 119
3, dense, gt, false, 2543, 120
3, dense, mx, false, 2300, 121
3, dense, cn, true, 5404, 122
3, dense, cm, true, 7650, 123
3, dense, nl, true, 1328, 124
3, dense, gt, false, 8662, 125
3, dense, mx, false, 2412, 126
3, dense, cn, true, 2236, 127
3, dense, cm, true, 3686, 128
3, dense, nl, true, 1470, 129
3, dense, gt, false, 6770, 130
5, 1-connected, cm, true, 6250, 1
5, 1-connected, nl, true, 908, 2
5, 1-connected, gt, true, 847, 3
5, 1-connected, mx, true, 5488, 4
5, 1-connected, cn, false, 883, 5
5, 1-connected, cm, true, 7355, 6
5, 1-connected, nl, true, 763, 7
5, 1-connected, gt, true, 1211, 8
5, 1-connected, mx, false, 3749, 9
5, 1-connected, cn, true, 865, 10
5, 1-connected, cm, true, 2103, 11
5, 1-connected, nl, true, 884, 12
5, 1-connected, gt, false, 702, 13
5, 1-connected, mx, true, 7610, 14
5, 1-connected, cn, true, 910, 15
5, 1-connected, cm, true, 2233, 16
5, 1-connected, nl, false, 798, 17
5, 1-connected, gt, true, 730, 18
5, 1-connected, mx, true, 6076, 19
5, 1-connected, cn, true, 826, 20
5, 1-connected, cm, true, 6911, 21
5, 1-connected, nl, true, 976, 22
5, 1-connected, gt, true, 1053, 23
5, 1-connected, mx, true, 2240, 24
5, 1-connected, cn, true, 634, 25
5, 1-connected, cm, true, 4370, 26
5, 1-connected, nl, true, 835, 27
5, 1-connected, gt, true, 1343, 28
5, 1-connected, mx, true, 2141, 29
5, 1-connected, cn, true, 720, 30
5, 1-connected, cm, true, 4147, 31
5, 1-connected, nl, true, 1433, 32
5, 1-connected, gt, true, 1332, 33
5, 1-connected, mx, true, 3237, 34
5, 1-connected, cn, true, 763, 35
5, 1-connected, cm, false, 2970, 36
5, 1-connected, nl, true, 1305, 37
5, 1-connected, gt, true, 720, 38
5, 1-connected, mx, true, 3554, 39
5, 1-connected, cn, true, 751, 40
5, 2-connected, cm, false, 5206, 41
5, 2-connected, nl, true, 3324, 42
5, 2-connected, gt, true, 1390, 43
5, 2-connected, mx, false, 8781, 44
5, 2-connected, cn, true, 5220, 45
5, 2-connected, cm, false, 8344, 46
5, 2-connected, nl, true, 2830, 47
5, 2-connected, gt, true, 1911, 48
5, 2-connected, mx, true, 6009, 49
5, 2-connected, cn, true, 1342, 50
5, 2-connected, cm, true, 8241, 51
5, 2-connected, nl, true, 4659, 52
5, 2-connected, gt, true, 1777, 53
5, 2-connected, mx, true, 8016, 54
5, 2-connected, cn, true, 7787, 55
5, 2-connected, cm, false, 9047, 56
5, 2-connected, nl, true, 4619, 57
5, 2-connected, gt, true, 1260, 58
5, 2-connected, mx, false, 8650, 59
5, 2-connected, cn, true, 6093, 60
5, 2-connected, cm, false, 8075, 61
5, 2-connected, nl, true, 1692, 62
5, 2-connected, gt, true, 992, 63
5, 2-connected, mx, false, 8151, 64
5, 2-connected, cn, true, 4070, 65
5, 2-connected, cm, true, 2726, 66
5, 2-connected, nl, true, 4306, 67
5, 2-connected, gt, true, 1407, 68
5, 2-connected, mx, false, 2920, 69
5, 2-connected, cn, true, 966, 70
5, 2-connected, cm, true, 7736, 71
5, 2-connected, nl, true, 3716, 72
5, 2-connected, gt, true, 1318, 73
5, 2-connected, mx, true, 6583, 74
5, 2-connected, cn, true, 2023, 75
5, 2-connected, cm, false, 7549, 76
5, 2-connected, nl, true, 3009, 77
5, 2-connected, gt, true, 808, 78
5, 2-connected, mx, true, 4256, 79
5, 2-connected, cn, true, 2268, 80
5, match, gt, true, 7347, 131
5, match, mx, false, 9872, 132
5, match, cm, false, 22565, 133
5, match, gt, false, 9034, 134
5, match, mx, false, 20119, 135
5, match, cm, true, 9165, 136
5, match, gt, true, 9118, 137
5, match, mx, false, 12186, 138
5, match, cm, false, 13330, 139
5, match, gt, true, 4748, 140
5, match, mx, false, 9727, 141
5, match, cm, false, 11610, 142
5, match, gt, true, 10363, 143
5, match, mx, false, 13217, 144
5, match, cm, false, 13175, 145
5, match, gt, true, 7836, 146
5, match, mx, false, 6601, 147
5, match, cm, true, 13655, 148
5, match, gt, false, 8250, 149
5, match, mx, false, 18823, 150
5, match, cm, false, 21422, 151
5, match, gt, true, 12752, 152
5, match, mx, true, 8320, 153
5, match, cm, true, 16184, 154
5, match, gt, true, 11978, 155
5, match, mx, false, 19799, 156
5, match, cm, true, 11575, 157
5, match, gt, true, 4342, 158
5, match, mx, true, 16850, 159
5, match, cm, true, 13894, 160
5, dense, cn, true, 4712, 81
5, dense, cm, true, 2673, 82
5, dense, nl, true, 1448, 83
5, dense, gt, true, 1306, 84
5, dense, mx, true, 1819, 85
5, dense, cn, false, 3156, 86
5, dense, cm, true, 1855, 87
5, dense, nl, true, 1294, 88
5, dense, gt, false, 939, 89
5, dense, mx, true, 1623, 90
5, dense, cn, true, 2458, 91
5, dense, cm, true, 1727, 92
5, dense, nl, true, 1077, 93
5, dense, gt, true, 1181, 94
5, dense, mx, true, 1350, 95
5, dense, cn, true, 2162, 96
5, dense, cm, true, 2612, 97
5, dense, nl, true, 1052, 98
5, dense, gt, true, 1429, 99
5, dense, mx, true, 1118, 100
5, dense, cn, true, 683, 101
5, dense, cm, true, 788, 102
5, dense, nl, false, 747, 103
5, dense, gt, false, 543, 104
5, dense, mx, true, 510, 105
5, dense, cn, true, 601, 106
5, dense, cm, true, 568, 107
5, dense, nl, true, 454, 108
5, dense, gt, true, 458, 109
5, dense, mx, true, 980, 110
5, dense, cn, true, 741, 111
5, dense, cm, true, 631, 112
5, dense, nl, true, 634, 113
5, dense, gt, false, 744, 114
5, dense, mx, true, 718, 115
5, dense, cn, true, 771, 116
5, dense, cm, true, 575, 117
5, dense, nl, true, 765, 118
5, dense, gt, false, 803, 119
5, dense, mx, true, 751, 120
5, dense, cn, true, 721, 121
5, dense, cm, true, 591, 122
5, dense, nl, true, 773, 123
5, dense, gt, false, 513, 124
5, dense, mx, true, 7726, 125
5, dense, cn, true, 1587, 126
5, dense, cm, true, 1305, 127
5, dense, nl, true, 645, 128
5, dense, gt, true, 749, 129
5, dense, mx, true, 850, 130
6, 1-connected, nl, true, 2051, 1
6, 1-connected, gt, true, 2574, 2
6, 1-connected, mx, false, 10017, 3
6, 1-connected, cn, true, 3427, 4
6, 1-connected, cm, true, 10035, 5
6, 1-connected, nl, true, 2266, 6
6, 1-connected, gt, false, 2886, 7
6, 1-connected, mx, true, 10017, 8
6, 1-connected, cn, true, 10010, 9
6, 1-connected, cm, true, 10006, 10
6, 1-connected, nl, false, 10020, 11
6, 1-connected, gt, true, 10020, 12
6, 1-connected, mx, false, 10013, 13
6, 1-connected, cn, true, 7421, 14
6, 1-connected, cm, true, 7477, 15
6, 1-connected, nl, true, 1529, 16
6, 1-connected, gt, true, 2604, 17
6, 1-connected, mx, true, 7250, 18
6, 1-connected, cn, true, 2643, 19
6, 1-connected, cm, true, 9835, 20
6, 1-connected, nl, true, 1770, 21
6, 1-connected, gt, true, 3382, 22
6, 1-connected, mx, true, 4678, 23
6, 1-connected, cn, true, 1142, 24
6, 1-connected, cm, false, 5947, 25
6, 1-connected, nl, true, 2417, 26
6, 1-connected, gt, true, 3314, 27
6, 1-connected, mx, false, 7227, 28
6, 1-connected, cn, true, 1437, 29
6, 1-connected, cm, true, 7128, 30
6, 1-connected, nl, true, 2197, 31
6, 1-connected, gt, true, 895, 32
6, 1-connected, mx, true, 5864, 33
6, 1-connected, cn, true, 1819, 34
6, 1-connected, cm, false, 4038, 35
6, 1-connected, nl, true, 1216, 36
6, 1-connected, gt, true, 1204, 37
6, 1-connected, mx, true, 5988, 38
6, 1-connected, cn, false, 1468, 39
6, 1-connected, cm, false, 6225, 40
6, 2-connected, nl, true, 4685, 41
6, 2-connected, gt, true, 3061, 42
6, 2-connected, mx, false, 6757, 43
6, 2-connected, cn, true, 3838, 44
6, 2-connected, cm, false, 5377, 45
6, 2-connected, nl, true, 2299, 46
6, 2-connected, gt, true, 1994, 47
6, 2-connected, mx, true, 5709, 48
6, 2-connected, cn, true, 4237, 49
6, 2-connected, cm, false, 2429, 50
6, 2-connected, nl, true, 3662, 51
6, 2-connected, gt, true, 995, 52
6, 2-connected, mx, false, 3096, 53
6, 2-connected, cn, true, 3828, 54
6, 2-connected, cm, false, 3935, 55
6, 2-connected, nl, true, 2447, 56
6, 2-connected, gt, true, 3908, 57
6, 2-connected, mx, true, 5538, 58
6, 2-connected, cn, true, 2253, 59
6, 2-connected, cm, false, 7101, 60
6, 2-connected, nl, true, 1419, 61
6, 2-connected, gt, true, 3533, 62
6, 2-connected, mx, true, 6508, 63
6, 2-connected, cn, true, 1766, 64
6, 2-connected, cm, true, 4051, 65
6, 2-connected, nl, true, 2848, 66
6, 2-connected, gt, true, 2881, 67
6, 2-connected, mx, false, 7629, 68
6, 2-connected, cn, true, 1748, 69
6, 2-connected, cm, false, 5381, 70
6, 2-connected, nl, true, 2142, 71
6, 2-connected, gt, true, 929, 72
6, 2-connected, mx, false, 5281, 73
6, 2-connected, cn, true, 3061, 74
6, 2-connected, cm, true, 4041, 75
6, 2-connected, nl, true, 1226, 76
6, 2-connected, gt, true, 1124, 77
6, 2-connected, mx, false, 2642, 78
6, 2-connected, cn, true, 2892, 79
6, 2-connected, cm, false, 2978, 80
6, match, mx, false, 28207, 131
6, match, cm, true, 21461, 132
6, match, gt, false, 30192, 133
6, match, mx, true, 15660, 134
6, match, cm, true, 19068, 135
6, match, gt, true, 19878, 136
6, match, mx, false, 23375, 137
6, match, cm, true, 14434, 138
6, match, gt, true, 21308, 139
6, match, mx, false, 16001, 140
6, match, cm, false, 21764, 141
6, match, gt, true, 9371, 142
6, match, mx, true, 15392, 143
6, match, cm, false, 19968, 144
6, match, gt, true, 6622, 145
6, match, mx, false, 20392, 146
6, match, cm, true, 15075, 147
6, match, gt, true, 11959, 148
6, match, mx, true, 17802, 149
6, match, cm, true, 14598, 150
6, match, gt, true, 9531, 151
6, match, mx, true, 20768, 152
6, match, cm, true, 22395, 153
6, match, gt, true, 16788, 154
6, match, mx, true, 20138, 155
6, match, cm, true, 25129, 156
6, match, gt, true, 3774, 157
6, match, mx, true, 20451, 158
6, match, cm, true, 25205, 159
6, match, gt, true, 4920, 160
6, dense, cm, true, 4695, 81
6, dense, nl, true, 7401, 82
6, dense, gt, true, 4075, 83
6, dense, mx, true, 1914, 84
6, dense, cn, true, 2179, 85
6, dense, cm, true, 1802, 86
6, dense, nl, true, 1328, 87
6, dense, gt, true, 1206, 88
6, dense, mx, true, 1523, 89
6, dense, cn, true, 1758, 90
6, dense, cm, true, 1389, 91
6, dense, nl, true, 1153, 92
6, dense, gt, true, 1704, 93
6, dense, mx, false, 1198, 94
6, dense, cn, true, 2398, 95
6, dense, cm, true, 1871, 96
6, dense, nl, false, 2340, 97
6, dense, gt, true, 2802, 98
6, dense, mx, true, 4499, 99
6, dense, cn, true, 2729, 100
6, dense, cm, true, 1503, 101
6, dense, nl, true, 1029, 102
6, dense, gt, true, 4681, 103
6, dense, mx, true, 2795, 104
6, dense, cn, true, 1082, 105
6, dense, cm, true, 1384, 106
6, dense, nl, true, 1417, 107
6, dense, gt, true, 3401, 108
6, dense, mx, true, 2736, 109
6, dense, cn, true, 1192, 110
6, dense, cm, true, 1771, 111
6, dense, nl, true, 985, 112
6, dense, gt, true, 1256, 113
6, dense, mx, true, 1461, 114
6, dense, cn, true, 967, 115
6, dense, cm, true, 1081, 116
6, dense, nl, true, 1247, 117
6, dense, gt, true, 1611, 118
6, dense, mx, true, 993, 119
6, dense, cn, true, 2097, 120
6, dense, cm, true, 1467, 121
6, dense, nl, true, 1147, 122
6, dense, gt, true, 3572, 123
6, dense, mx, true, 3487, 124
6, dense, cn, true, 2075, 125
6, dense, cm, true, 1847, 126
6, dense, nl, true, 920, 127
6, dense, gt, true, 1568, 128
6, dense, mx, true, 3919, 129
6, dense, cn, true, 1288, 130
7, 1-connected, gt, false, 6213, 1
7, 1-connected, mx, false, 7824, 2
7, 1-connected, cn, true, 8259, 3
7, 1-connected, cm, true, 6003, 4
7, 1-connected, nl, true, 2309, 5
7, 1-connected, gt, true, 8227, 6
7, 1-connected, mx, false, 10018, 7
7, 1-connected, cn, true, 4448, 8
7, 1-connected, cm, true, 3908, 9
7, 1-connected, nl, false, 1632, 10
7, 1-connected, gt, true, 3939, 11
7, 1-connected, mx, true, 4793, 12
7, 1-connected, cn, true, 2086, 13
7, 1-connected, cm, true, 9360, 14
7, 1-connected, nl, true, 2351, 15
7, 1-connected, gt, true, 3843, 16
7, 1-connected, mx, true, 3154, 17
7, 1-connected, cn, true, 2064, 18
7, 1-connected, cm, true, 8427, 19
7, 1-connected, nl, true, 1320, 20
7, 1-connected, gt, true, 3509, 21
7, 1-connected, mx, true, 9638, 22
7, 1-connected, cn, true, 2252, 23
7, 1-connected, cm, true, 7198, 24
7, 1-connected, nl, true, 3047, 25
7, 1-connected, gt, true, 1388, 26
7, 1-connected, mx, true, 6590, 27
7, 1-connected, cn, true, 2523, 28
7, 1-connected, cm, false, 5948, 29
7, 1-connected, nl, true, 2856, 30
7, 1-connected, gt, true, 1813, 31
7, 1-connected, mx, true, 5683, 32
7, 1-connected, cn, false, 1326, 33
7, 1-connected, cm, true, 8376, 34
7, 1-connected, nl, true, 1517, 35
7, 1-connected, gt, true, 2017, 36
7, 1-connected, mx, false, 5658, 37
7, 1-connected, cn, true, 1270, 38
7, 1-connected, cm, false, 5993, 39
7, 1-connected, nl, true, 1332, 40
7, 2-connected, gt, true, 3728, 41
7, 2-connected, mx, false, 7913, 42
7, 2-connected, cn, true, 4510, 43
7, 2-connected, cm, false, 8669, 44
7, 2-connected, nl, true, 5543, 45
7, 2-connected, gt, true, 1671, 46
7, 2-connected, mx, true, 5425, 47
7, 2-connected, cn, true, 4734, 48
7, 2-connected, cm, false, 7911, 49
7, 2-connected, nl, true, 8459, 50
7, 2-connected, gt, true, 6807, 51
7, 2-connected, mx, true, 8050, 52
7, 2-connected, cn, true, 2841, 53
7, 2-connected, cm, false, 5964, 54
7, 2-connected, nl, true, 1818, 55
7, 2-connected, gt, true, 5246, 56
7, 2-connected, mx, true, 3593, 57
7, 2-connected, cn, true, 1666, 58
7, 2-connected, cm, false, 7601, 59
7, 2-connected, nl, true, 3572, 60
7, 2-connected, gt, true, 2256, 61
7, 2-connected, mx, false, 7725, 62
7, 2-connected, cn, true, 1557, 63
7, 2-connected, cm, true, 7349, 64
7, 2-connected, nl, true, 3126, 65
7, 2-connected, gt, true, 1018, 66
7, 2-connected, mx, true, 4520, 67
7, 2-connected, cn, true, 3130, 68
7, 2-connected, cm, true, 3926, 69
7, 2-connected, nl, true, 2241, 70
7, 2-connected, gt, true, 1106, 71
7, 2-connected, mx, false, 7364, 72
7, 2-connected, cn, false, 5726, 73
7, 2-connected, cm, true, 3598, 74
7, 2-connected, nl, true, 2132, 75
7, 2-connected, gt, true, 1781, 76
7, 2-connected, mx, false, 7004, 77
7, 2-connected, cn, true, 1832, 78
7, 2-connected, cm, false, 5654, 79
7, 2-connected, nl, true, 1156, 80
7, match, cm, true, 26889, 131
7, match, gt, true, 13031, 132
7, match, mx, false, 25312, 133
7, match, cm, true, 9052, 134
7, match, gt, true, 7696, 135
7, match, mx, false, 27793, 136
7, match, cm, false, 7842, 137
7, match, gt, true, 17099, 138
7, match, mx, true, 14033, 139
7, match, cm, false, 21309, 140
7, match, gt, true, 4713, 141
7, match, mx, true, 9150, 142
7, match, cm, false, 24853, 143
7, match, gt, true, 7852, 144
7, match, mx, false, 16986, 145
7, match, cm, true, 21645, 146
7, match, gt, true, 5133, 147
7, match, mx, true, 8574, 148
7, match, cm, false, 24338, 149
7, match, gt, true, 5794, 150
7, match, mx, false, 16258, 151
7, match, cm, true, 24819, 152
7, match, gt, true, 5107, 153
7, match, mx, false, 10990, 154
7, match, cm, false, 17220, 155
7, match, gt, true, 6449, 156
7, match, mx, false, 16632, 157
7, match, cm, false, 13366, 158
7, match, gt, false, 28603, 159
7, match, mx, false, 20953, 160
7, dense, nl, true, 2424, 81
7, dense, gt, true, 1299, 82
7, dense, mx, true, 2365, 83
7, dense, cn, true, 2237, 84
7, dense, cm, true, 6270, 85
7, dense, nl, true, 1409, 86
7, dense, gt, true, 2302, 87
7, dense, mx, true, 1072, 88
7, dense, cn, true, 2514, 89
7, dense, cm, true, 2629, 90
7, dense, nl, true, 5549, 91
7, dense, gt, true, 2474, 92
7, dense, mx, true, 2735, 93
7, dense, cn, true, 1057, 94
7, dense, cm, true, 1995, 95
7, dense, nl, true, 1111, 96
7, dense, gt, true, 1262, 97
7, dense, mx, true, 1278, 98
7, dense, cn, true, 3371, 99
7, dense, cm, true, 3327, 100
7, dense, nl, true, 2162, 101
7, dense, gt, true, 1233, 102
7, dense, mx, true, 5406, 103
7, dense, cn, true, 4655, 104
7, dense, cm, false, 3745, 105
7, dense, nl, true, 3818, 106
7, dense, gt, true, 1879, 107
7, dense, mx, true, 2160, 108
7, dense, cn, true, 3926, 109
7, dense, cm, true, 6532, 110
7, dense, nl, true, 2449, 111
7, dense, gt, true, 1537, 112
7, dense, mx, true, 3125, 113
7, dense, cn, true, 4371, 114
7, dense, cm, true, 1477, 115
7, dense, nl, true, 1843, 116
7, dense, gt, true, 4214, 117
7, dense, mx, true, 2855, 118
7, dense, cn, true, 1712, 119
7, dense, cm, true, 1606, 120
7, dense, nl, true, 2910, 121
7, dense, gt, true, 1248, 122
7, dense, mx, true, 2767, 123
7, dense, cn, true, 1527, 124
7, dense, cm, true, 2149, 125
7, dense, nl, true, 1111, 126
7, dense, gt, true, 1097, 127
7, dense, mx, true, 2082, 128
7, dense, cn, true, 1062, 129
7, dense, cm, true, 1920, 130
8, 1-connected, mx, false, 5605, 1
8, 1-connected, cn, true, 4433, 2
8, 1-connected, cm, true, 4611, 3
8, 1-connected, nl, false, 1973, 4
8, 1-connected, gt, true, 1309, 5
8, 1-connected, mx, true, 3170, 6
8, 1-connected, cn, true, 3213, 7
8, 1-connected, cm, true, 7877, 8
8, 1-connected, nl, true, 1522, 9
8, 1-connected, gt, true, 1493, 10
8, 1-connected, mx, true, 4033, 11
8, 1-connected, cn, true, 1387, 12
8, 1-connected, cm, true, 8653, 13
8, 1-connected, nl, true, 1383, 14
8, 1-connected, gt, true, 2939, 15
8, 1-connected, mx, true, 3436, 16
8, 1-connected, cn, true, 2468, 17
8, 1-connected, cm, true, 4140, 18
8, 1-connected, nl, true, 3751, 19
8, 1-connected, gt, true, 4236, 20
8, 1-connected, mx, true, 4742, 21
8, 1-connected, cn, true, 2145, 22
8, 1-connected, cm, false, 5992, 23
8, 1-connected, nl, true, 2869, 24
8, 1-connected, gt, true, 983, 25
8, 1-connected, mx, true, 4735, 26
8, 1-connected, cn, false, 1393, 27
8, 1-connected, cm, true, 2621, 28
8, 1-connected, nl, true, 1595, 29
8, 1-connected, gt, true, 1548, 30
8, 1-connected, mx, false, 4579, 31
8, 1-connected, cn, true, 1023, 32
8, 1-connected, cm, true, 1916, 33
8, 1-connected, nl, true, 1220, 34
8, 1-connected, gt, true, 1991, 35
8, 1-connected, mx, true, 2449, 36
8, 1-connected, cn, true, 1217, 37
8, 1-connected, cm, true, 3424, 38
8, 1-connected, nl, true, 1660, 39
8, 1-connected, gt, false, 1263, 40
8, 2-connected, mx, false, 10017, 41
8, 2-connected, cn, true, 8941, 42
8, 2-connected, cm, false, 10017, 43
8, 2-connected, nl, true, 10015, 44
8, 2-connected, gt, true, 4469, 45
8, 2-connected, mx, false, 6491, 46
8, 2-connected, cn, true, 4495, 47
8, 2-connected, cm, false, 9368, 48
8, 2-connected, nl, true, 8923, 49
8, 2-connected, gt, true, 7122, 50
8, 2-connected, mx, false, 5298, 51
8, 2-connected, cn, true, 5268, 52
8, 2-connected, cm, true, 5371, 53
8, 2-connected, nl, false, 4091, 54
8, 2-connected, gt, true, 2602, 55
8, 2-connected, mx, false, 9278, 56
8, 2-connected, cn, true, 1472, 57
8, 2-connected, cm, false, 8926, 58
8, 2-connected, nl, true, 6778, 59
8, 2-connected, gt, true, 1864, 60
8, 2-connected, mx, true, 7670, 61
8, 2-connected, cn, true, 3134, 62
8, 2-connected, cm, true, 3437, 63
8, 2-connected, nl, true, 3174, 64
8, 2-connected, gt, true, 1206, 65
8, 2-connected, mx, true, 8867, 66
8, 2-connected, cn, true, 3098, 67
8, 2-connected, cm, true, 3574, 68
8, 2-connected, nl, true, 2200, 69
8, 2-connected, gt, true, 4032, 70
8, 2-connected, mx, true, 7209, 71
8, 2-connected, cn, true, 3501, 72
8, 2-connected, cm, false, 10019, 73
8, 2-connected, nl, true, 2094, 74
8, 2-connected, gt, true, 4872, 75
8, 2-connected, mx, false, 9195, 76
8, 2-connected, cn, false, 9231, 77
8, 2-connected, cm, true, 6336, 78
8, 2-connected, nl, true, 5761, 79
8, 2-connected, gt, true, 5409, 80
8, match, gt, true, 9578, 131
8, match, mx, false, 18124, 132
8, match, cm, true, 28715, 133
8, match, gt, true, 2893, 134
8, match, mx, true, 21654, 135
8, match, cm, false, 19413, 136
8, match, gt, true, 7455, 137
8, match, mx, true, 22066, 138
8, match, cm, true, 24121, 139
8, match, gt, true, 21958, 140
8, match, mx, false, 25020, 141
8, match, cm, false, 18485, 142
8, match, gt, true, 27374, 143
8, match, mx, false, 15206, 144
8, match, cm, true, 11333, 145
8, match, gt, true, 18887, 146
8, match, mx, true, 10745, 147
8, match, cm, false, 28170, 148
8, match, gt, true, 19289, 149
8, match, mx, true, 30128, 150
8, match, cm, false, 15947, 151
8, match, gt, true, 23179, 152
8, match, mx, true, 21952, 153
8, match, cm, true, 25066, 154
8, match, gt, false, 18017, 155
8, match, mx, false, 24793, 156
8, match, cm, true, 11958, 157
8, match, gt, true, 9143, 158
8, match, mx, false, 17949, 159
8, match, cm, true, 2838, 160
8, dense, gt, true, 2614, 81
8, dense, mx, true, 1589, 82
8, dense, cn, true, 1429, 83
8, dense, cm, true, 3623, 84
8, dense, nl, true, 1321, 85
8, dense, gt, true, 1141, 86
8, dense, mx, true, 1269, 87
8, dense, cn, true, 1502, 88
8, dense, cm, true, 2811, 89
8, dense, nl, true, 1585, 90
8, dense, gt, false, 5170, 91
8, dense, mx, true, 1807, 92
8, dense, cn, true, 2411, 93
8, dense, cm, true, 1244, 94
8, dense, nl, true, 1882, 95
8, dense, gt, true, 2888, 96
8, dense, mx, true, 4800, 97
8, dense, cn, true, 3241, 98
8, dense, cm, false, 3352, 99
8, dense, nl, true, 2346, 100
8, dense, gt, true, 4314, 101
8, dense, mx, true, 3087, 102
8, dense, cn, true, 3185, 103
8, dense, cm, true, 2698, 104
8, dense, nl, true, 1386, 105
8, dense, gt, true, 3437, 106
8, dense, mx, true, 2394, 107
8, dense, cn, true, 1592, 108
8, dense, cm, true, 938, 109
8, dense, nl, true, 2575, 110
8, dense, gt, true, 2076, 111
8, dense, mx, true, 3999, 112
8, dense, cn, true, 930, 113
8, dense, cm, true, 1098, 114
8, dense, nl, true, 4015, 115
8, dense, gt, true, 1011, 116
8, dense, mx, true, 1081, 117
8, dense, cn, true, 1504, 118
8, dense, cm, true, 1469, 119
8, dense, nl, true, 2281, 120
8, dense, gt, true, 987, 121
8, dense, mx, true, 6121, 122
8, dense, cn, false, 2022, 123
8, dense, cm, true, 2109, 124
8, dense, nl, true, 1310, 125
8, dense, gt, true, 906, 126
8, dense, mx, true, 1295, 127
8, dense, cn, true, 969, 128
8, dense, cm, true, 2066, 129
8, dense, nl, true, 1062, 130
9, 1-connected, cn, true, 2832, 1
9, 1-connected, cm, true, 5355, 2
9, 1-connected, nl, true, 1267, 3
9, 1-connected, gt, true, 1244, 4
9, 1-connected, mx, true, 2851, 5
9, 1-connected, cn, true, 1718, 6
9, 1-connected, cm, true, 6053, 7
9, 1-connected, nl, true, 2084, 8
9, 1-connected, gt, true, 2218, 9
9, 1-connected, mx, true, 2780, 10
9, 1-connected, cn, true, 1178, 11
9, 1-connected, cm, true, 5101, 12
9, 1-connected, nl, true, 1124, 13
9, 1-connected, gt, true, 1732, 14
9, 1-connected, mx, true, 6096, 15
9, 1-connected, cn, true, 1180, 16
9, 1-connected, cm, false, 4274, 17
9, 1-connected, nl, true, 1795, 18
9, 1-connected, gt, true, 795, 19
9, 1-connected, mx, true, 5370, 20
9, 1-connected, cn, false, 1197, 21
9, 1-connected, cm, true, 4153, 22
9, 1-connected, nl, true, 823, 23
9, 1-connected, gt, true, 781, 24
9, 1-connected, mx, true, 4323, 25
9, 1-connected, cn, true, 918, 26
9, 1-connected, cm, true, 3116, 27
9, 1-connected, nl, true, 910, 28
9, 1-connected, gt, true, 881, 29
9, 1-connected, mx, false, 3561, 30
9, 1-connected, cn, true, 895, 31
9, 1-connected, cm, true, 2267, 32
9, 1-connected, nl, true, 936, 33
9, 1-connected, gt, false, 1453, 34
9, 1-connected, mx, true, 2388, 35
9, 1-connected, cn, true, 1110, 36
9, 1-connected, cm, true, 2549, 37
9, 1-connected, nl, false, 804, 38
9, 1-connected, gt, true, 953, 39
9, 1-connected, mx, true, 4138, 40
9, 2-connected, cn, true, 3831, 41
9, 2-connected, cm, false, 9007, 42
9, 2-connected, nl, true, 3615, 43
9, 2-connected, gt, true, 1517, 44
9, 2-connected, mx, true, 5543, 45
9, 2-connected, cn, true, 2072, 46
9, 2-connected, cm, false, 5894, 47
9, 2-connected, nl, true, 1209, 48
9, 2-connected, gt, true, 2197, 49
9, 2-connected, mx, true, 3195, 50
9, 2-connected, cn, true, 1412, 51
9, 2-connected, cm, false, 9549, 52
9, 2-connected, nl, true, 3767, 53
9, 2-connected, gt, true, 1451, 54
9, 2-connected, mx, false, 10008, 55
9, 2-connected, cn, true, 2088, 56
9, 2-connected, cm, true, 5210, 57
9, 2-connected, nl, true, 8712, 58
9, 2-connected, gt, true, 1717, 59
9, 2-connected, mx, false, 10014, 60
9, 2-connected, cn, true, 3508, 61
9, 2-connected, cm, true, 2218, 62
9, 2-connected, nl, true, 2397, 63
9, 2-connected, gt, true, 935, 64
9, 2-connected, mx, false, 7539, 65
9, 2-connected, cn, true, 998, 66
9, 2-connected, cm, false, 9468, 67
9, 2-connected, nl, true, 1857, 68
9, 2-connected, gt, true, 1158, 69
9, 2-connected, mx, true, 7480, 70
9, 2-connected, cn, true, 5771, 71
9, 2-connected, cm, false, 10052, 72
9, 2-connected, nl, true, 3693, 73
9, 2-connected, gt, true, 1405, 74
9, 2-connected, mx, false, 10011, 75
9, 2-connected, cn, true, 4451, 76
9, 2-connected, cm, false, 8212, 77
9, 2-connected, nl, true, 3704, 78
9, 2-connected, gt, true, 1549, 79
9, 2-connected, mx, false, 8052, 80
9, match, mx, true, 13616, 131
9, match, cm, true, 20139, 132
9, match, gt, true, 7250, 133
9, match, mx, false, 29820, 134
9, match, cm, true, 30006, 135
9, match, gt, true, 5487, 136
9, match, mx, false, 27826, 137
9, match, cm, false, 27108, 138
9, match, gt, false, 30132, 139
9, match, mx, true, 20074, 140
9, match, cm, true, 22361, 141
9, match, gt, true, 10345, 142
9, match, mx, true, 29078, 143
9, match, cm, true, 19615, 144
9, match, gt, true, 12381, 145
9, match, mx, true, 20959, 146
9, match, cm, true, 23809, 147
9, match, gt, true, 15217, 148
9, match, mx, true, 28258, 149
9, match, cm, false, 29175, 150
9, match, gt, true, 9472, 151
9, match, mx, false, 28864, 152
9, match, cm, true, 26283, 153
9, match, gt, true, 23991, 154
9, match, mx, true, 29484, 155
9, match, cm, true, 30273, 156
9, match, gt, true, 6713, 157
9, match, mx, true, 25179, 158
9, match, cm, false, 9526, 159
9, match, gt, true, 12473, 160
9, dense, mx, true, 2381, 81
9, dense, cn, true, 3784, 82
9, dense, cm, true, 9608, 83
9, dense, nl, true, 4317, 84
9, dense, gt, true, 2173, 85
9, dense, mx, true, 6335, 86
9, dense, cn, true, 3211, 87
9, dense, cm, false, 8630, 88
9, dense, nl, true, 1259, 89
9, dense, gt, true, 2801, 90
9, dense, mx, true, 6028, 91
9, dense, cn, true, 5559, 92
9, dense, cm, false, 8904, 93
9, dense, nl, true, 3178, 94
9, dense, gt, true, 1632, 95
9, dense, mx, true, 1984, 96
9, dense, cn, true, 2467, 97
9, dense, cm, true, 7323, 98
9, dense, nl, true, 1791, 99
9, dense, gt, true, 1465, 100
9, dense, mx, false, 10028, 101
9, dense, cn, true, 1371, 102
9, dense, cm, true, 3291, 103
9, dense, nl, true, 6852, 104
9, dense, gt, true, 1075, 105
9, dense, mx, true, 3120, 106
9, dense, cn, true, 1769, 107
9, dense, cm, true, 5583, 108
9, dense, nl, true, 2771, 109
9, dense, gt, true, 2366, 110
9, dense, mx, true, 2254, 111
9, dense, cn, true, 1990, 112
9, dense, cm, true, 6227, 113
9, dense, nl, true, 2079, 114
9, dense, gt, true, 1082, 115
9, dense, mx, true, 2874, 116
9, dense, cn, true, 10051, 117
9, dense, cm, true, 1175, 118
9, dense, nl, true, 1786, 119
9, dense, gt, true, 1195, 120
9, dense, mx, true, 1319, 121
9, dense, cn, true, 1202, 122
9, dense, cm, true, 4092, 123
9, dense, nl, true, 2362, 124
9, dense, gt, true, 876, 125
9, dense, mx, true, 1598, 126
9, dense, cn, true, 2646, 127
9, dense, cm, true, 3203, 128
9, dense, nl, true, 988, 129
9, dense, gt, true, 1295, 130
10, 1-connected, cm, false, 5699, 1
10, 1-connected, nl, false, 6333, 2
10, 1-connected, gt, true, 2404, 3
10, 1-connected, mx, false, 6561, 4
10, 1-connected, cn, true, 1739, 5
10, 1-connected, cm, false, 5041, 6
10, 1-connected, nl, true, 2125, 7
10, 1-connected, gt, true, 1745, 8
10, 1-connected, mx, true, 5863, 9
10, 1-connected, cn, true, 1226, 10
10, 1-connected, cm, false, 4469, 11
10, 1-connected, nl, true, 1894, 12
10, 1-connected, gt, true, 1038, 13
10, 1-connected, mx, true, 5842, 14
10, 1-connected, cn, true, 2009, 15
10, 1-connected, cm, false, 7392, 16
10, 1-connected, nl, true, 827, 17
10, 1-connected, gt, true, 1198, 18
10, 1-connected, mx, true, 5596, 19
10, 1-connected, cn, false, 1501, 20
10, 1-connected, cm, false, 9556, 21
10, 1-connected, nl, true, 890, 22
10, 1-connected, gt, true, 1484, 23
10, 1-connected, mx, false, 3415, 24
10, 1-connected, cn, true, 1566, 25
10, 1-connected, cm, true, 3083, 26
10, 1-connected, nl, true, 1195, 27
10, 1-connected, gt, false, 1626, 28
10, 1-connected, mx, true, 6582, 29
10, 1-connected, cn, true, 1669, 30
10, 1-connected, cm, true, 3855, 31
10, 1-connected, nl, false, 1046, 32
10, 1-connected, gt, true, 1005, 33
10, 1-connected, mx, true, 8563, 34
10, 1-connected, cn, true, 1438, 35
10, 1-connected, cm, true, 6290, 36
10, 1-connected, nl, true, 3849, 37
10, 1-connected, gt, true, 2572, 38
10, 1-connected, mx, true, 4310, 39
10, 1-connected, cn, false, 10037, 40
10, 2-connected, cm, true, 10007, 41
10, 2-connected, nl, true, 4154, 42
10, 2-connected, gt, true, 1591, 43
10, 2-connected, mx, true, 4200, 44
10, 2-connected, cn, true, 2795, 45
10, 2-connected, cm, true, 9285, 46
10, 2-connected, nl, true, 3401, 47
10, 2-connected, gt, true, 1089, 48
10, 2-connected, mx, false, 9520, 49
10, 2-connected, cn, true, 1719, 50
10, 2-connected, cm, true, 5955, 51
10, 2-connected, nl, true, 2919, 52
10, 2-connected, gt, true, 1248, 53
10, 2-connected, mx, false, 8953, 54
10, 2-connected, cn, false, 1212, 55
10, 2-connected, cm, true, 2113, 56
10, 2-connected, nl, true, 1795, 57
10, 2-connected, gt, true, 1006, 58
10, 2-connected, mx, true, 8445, 59
10, 2-connected, cn, false, 5505, 60
10, 2-connected, cm, false, 6302, 61
10, 2-connected, nl, true, 1442, 62
10, 2-connected, gt, true, 946, 63
10, 2-connected, mx, false, 2516, 64
10, 2-connected, cn, true, 1360, 65
10, 2-connected, cm, true, 1411, 66
10, 2-connected, nl, true, 2205, 67
10, 2-connected, gt, true, 1457, 68
10, 2-connected, mx, false, 6814, 69
10, 2-connected, cn, true, 10043, 70
10, 2-connected, cm, false, 7482, 71
10, 2-connected, nl, true, 4480, 72
10, 2-connected, gt, true, 887, 73
10, 2-connected, mx, true, 6973, 74
10, 2-connected, cn, true, 1606, 75
10, 2-connected, cm, false, 7686, 76
10, 2-connected, nl, true, 1857, 77
10, 2-connected, gt, true, 1179, 78
10, 2-connected, mx, true, 3216, 79
10, 2-connected, cn, true, 1345, 80
10, match, cm, false, 28409, 131
10, match, gt, true, 3964, 132
10, match, mx, true, 6365, 133
10, match, cm, false, 18390, 134
10, match, gt, true, 7734, 135
10, match, mx, false, 25652, 136
10, match, cm, true, 2882, 137
10, match, gt, true, 10162, 138
10, match, mx, false, 9758, 139
10, match, cm, true, 15093, 140
10, match, gt, false, 23972, 141
10, match, mx, true, 9439, 142
10, match, cm, true, 6939, 143
10, match, gt, true, 4923, 144
10, match, mx, true, 11099, 145
10, match, cm, false, 20008, 146
10, match, gt, true, 18111, 147
10, match, mx, true, 18709, 148
10, match, cm, true, 6531, 149
10, match, gt, true, 9825, 150
10, match, mx, true, 10560, 151
10, match, cm, true, 13471, 152
10, match, gt, true, 10471, 153
10, match, mx, true, 8352, 154
10, match, cm, true, 19085, 155
10, match, gt, true, 3122, 156
10, match, mx, false, 12667, 157
10, match, cm, true, 5329, 158
10, match, gt, true, 3664, 159
10, match, mx, true, 10661, 160
10, dense, cn, true, 2192, 81
10, dense, cm, true, 1543, 82
10, dense, nl, true, 1302, 83
10, dense, gt, true, 1709, 84
10, dense, mx, true, 1370, 85
10, dense, cn, true, 1252, 86
10, dense, cm, true, 1952, 87
10, dense, nl, true, 2610, 88
10, dense, gt, false, 4808, 89
10, dense, mx, true, 3585, 90
10, dense, cn, true, 3685, 91
10, dense, cm, true, 1631, 92
10, dense, nl, true, 1686, 93
10, dense, gt, true, 2119, 94
10, dense, mx, true, 1724, 95
10, dense, cn, true, 1997, 96
10, dense, cm, false, 958, 97
10, dense, nl, true, 1177, 98
10, dense, gt, true, 823, 99
10, dense, mx, true, 2538, 100
10, dense, cn, true, 1846, 101
10, dense, cm, false, 880, 102
10, dense, nl, true, 872, 103
10, dense, gt, true, 2453, 104
10, dense, mx, true, 1100, 105
10, dense, cn, true, 975, 106
10, dense, cm, true, 972, 107
10, dense, nl, true, 804, 108
10, dense, gt, true, 1147, 109
10, dense, mx, true, 689, 110
10, dense, cn, true, 1108, 111
10, dense, cm, true, 1635, 112
10, dense, nl, true, 1323, 113
10, dense, gt, true, 1233, 114
10, dense, mx, true, 1162, 115
10, dense, cn, true, 1203, 116
10, dense, cm, true, 1205, 117
10, dense, nl, true, 956, 118
10, dense, gt, true, 953, 119
10, dense, mx, true, 967, 120
10, dense, cn, true, 954, 121
10, dense, cm, true, 1283, 122
10, dense, nl, true, 808, 123
10, dense, gt, true, 937, 124
10, dense, mx, true, 785, 125
10, dense, cn, true, 576, 126
10, dense, cm, true, 740, 127
10, dense, nl, true, 824, 128
10, dense, gt, true, 636, 129
10, dense, mx, true, 670, 130